Country Name;Country Code;Indicator Name;Indicator Code;2018;2019
Aruba;ABW;Exports of goods and services (% of GDP);NE.EXP.GNFS.ZS;72,25277396;73,23459154
Africa Eastern and Southern;AFE;Exports of goods and services (% of GDP);NE.EXP.GNFS.ZS;25,31592074;23,90312363
Afghanistan;AFG;Exports of goods and services (% of GDP);NE.EXP.GNFS.ZS;;
Africa Western and Central;AFW;Exports of goods and services (% of GDP);NE.EXP.GNFS.ZS;;
Angola;AGO;Exports of goods and services (% of GDP);NE.EXP.GNFS.ZS;40,83628983;40,79075505
Albania;ALB;Exports of goods and services (% of GDP);NE.EXP.GNFS.ZS;31,57195441;31,30426989
Andorra;AND;Exports of goods and services (% of GDP);NE.EXP.GNFS.ZS;;
Arab World;ARB;Exports of goods and services (% of GDP);NE.EXP.GNFS.ZS;45,01384341;43,09141732
United Arab Emirates;ARE;Exports of goods and services (% of GDP);NE.EXP.GNFS.ZS;91,99477687;96,66416875
Argentina;ARG;Exports of goods and services (% of GDP);NE.EXP.GNFS.ZS;14,43668575;17,92487838
Armenia;ARM;Exports of goods and services (% of GDP);NE.EXP.GNFS.ZS;39,39289403;41,35080136
American Samoa;ASM;Exports of goods and services (% of GDP);NE.EXP.GNFS.ZS;68,23161189;61,66924266
Antigua and Barbuda;ATG;Exports of goods and services (% of GDP);NE.EXP.GNFS.ZS;62,47054811;69,20864236
Australia;AUS;Exports of goods and services (% of GDP);NE.EXP.GNFS.ZS;21,8535582;24,11178836
Austria;AUT;Exports of goods and services (% of GDP);NE.EXP.GNFS.ZS;55,46221912;55,76078481
Azerbaijan;AZE;Exports of goods and services (% of GDP);NE.EXP.GNFS.ZS;54,09229386;49,0506275
Burundi;BDI;Exports of goods and services (% of GDP);NE.EXP.GNFS.ZS;5,685654314;5,172039999
Belgium;BEL;Exports of goods and services (% of GDP);NE.EXP.GNFS.ZS;83,07962947;82,39718206
Benin;BEN;Exports of goods and services (% of GDP);NE.EXP.GNFS.ZS;27,27423062;29,63052719
Burkina Faso;BFA;Exports of goods and services (% of GDP);NE.EXP.GNFS.ZS;28,07890614;29,25769566
Bangladesh;BGD;Exports of goods and services (% of GDP);NE.EXP.GNFS.ZS;12,67478794;13,09475734
Bulgaria;BGR;Exports of goods and services (% of GDP);NE.EXP.GNFS.ZS;65,70952328;63,94547846
Bahrain;BHR;Exports of goods and services (% of GDP);NE.EXP.GNFS.ZS;79,25252192;76,48596076
Bahamas, The;BHS;Exports of goods and services (% of GDP);NE.EXP.GNFS.ZS;35,83997844;35,56414314
Bosnia and Herzegovina;BIH;Exports of goods and services (% of GDP);NE.EXP.GNFS.ZS;41,98456356;40,04007111
Belarus;BLR;Exports of goods and services (% of GDP);NE.EXP.GNFS.ZS;70,45454545;65,09440964
Belize;BLZ;Exports of goods and services (% of GDP);NE.EXP.GNFS.ZS;51,58007103;51,89676947
Bermuda;BMU;Exports of goods and services (% of GDP);NE.EXP.GNFS.ZS;51,47915638;51,7434244
Bolivia;BOL;Exports of goods and services (% of GDP);NE.EXP.GNFS.ZS;25,98879506;24,96726228
Brazil;BRA;Exports of goods and services (% of GDP);NE.EXP.GNFS.ZS;14,6349995;14,12291919
Barbados;BRB;Exports of goods and services (% of GDP);NE.EXP.GNFS.ZS;41,0558673;41,77753167
Brunei Darussalam;BRN;Exports of goods and services (% of GDP);NE.EXP.GNFS.ZS;51,93312769;57,94604054
Bhutan;BTN;Exports of goods and services (% of GDP);NE.EXP.GNFS.ZS;29,1897198;31,4575059
Botswana;BWA;Exports of goods and services (% of GDP);NE.EXP.GNFS.ZS;44,22814392;37,08781766
Central African Republic;CAF;Exports of goods and services (% of GDP);NE.EXP.GNFS.ZS;15,94003;15,75538
Canada;CAN;Exports of goods and services (% of GDP);NE.EXP.GNFS.ZS;32,32540373;32,35269582
Central Europe and the Baltics;CEB;Exports of goods and services (% of GDP);NE.EXP.GNFS.ZS;63,28739149;62,20624591
Switzerland;CHE;Exports of goods and services (% of GDP);NE.EXP.GNFS.ZS;67,4781861;66,96539368
Channel Islands;CHI;Exports of goods and services (% of GDP);NE.EXP.GNFS.ZS;;
Chile;CHL;Exports of goods and services (% of GDP);NE.EXP.GNFS.ZS;28,52904474;27,87466776
China;CHN;Exports of goods and services (% of GDP);NE.EXP.GNFS.ZS;19,11210354;18,40999232
Cote d'Ivoire;CIV;Exports of goods and services (% of GDP);NE.EXP.GNFS.ZS;22,69419992;22,66048877
Cameroon;CMR;Exports of goods and services (% of GDP);NE.EXP.GNFS.ZS;18,73625347;19,85009075
Congo, Dem. Rep.;COD;Exports of goods and services (% of GDP);NE.EXP.GNFS.ZS;32,55352826;25,8676651
Congo, Rep.;COG;Exports of goods and services (% of GDP);NE.EXP.GNFS.ZS;62,2105923;56,19881617
Colombia;COL;Exports of goods and services (% of GDP);NE.EXP.GNFS.ZS;15,89971968;15,86803865
Comoros;COM;Exports of goods and services (% of GDP);NE.EXP.GNFS.ZS;12,90902299;12,77346063
Cabo Verde;CPV;Exports of goods and services (% of GDP);NE.EXP.GNFS.ZS;45,86599346;46,70503314
Costa Rica;CRI;Exports of goods and services (% of GDP);NE.EXP.GNFS.ZS;33,73851078;34,32532156
Caribbean small states;CSS;Exports of goods and services (% of GDP);NE.EXP.GNFS.ZS;;
Cuba;CUB;Exports of goods and services (% of GDP);NE.EXP.GNFS.ZS;14,52273339;12,21337438
Curacao;CUW;Exports of goods and services (% of GDP);NE.EXP.GNFS.ZS;63,24600087;
Cayman Islands;CYM;Exports of goods and services (% of GDP);NE.EXP.GNFS.ZS;71,58784905;69,47102566
Cyprus;CYP;Exports of goods and services (% of GDP);NE.EXP.GNFS.ZS;74,96730233;76,48774863
Czechia;CZE;Exports of goods and services (% of GDP);NE.EXP.GNFS.ZS;76,94357596;73,87978033
Germany;DEU;Exports of goods and services (% of GDP);NE.EXP.GNFS.ZS;47,30885914;47,12758088
Djibouti;DJI;Exports of goods and services (% of GDP);NE.EXP.GNFS.ZS;156,619875;166,7177464
Dominica;DMA;Exports of goods and services (% of GDP);NE.EXP.GNFS.ZS;29,19325981;
Denmark;DNK;Exports of goods and services (% of GDP);NE.EXP.GNFS.ZS;56,55980449;58,64718222
Dominican Republic;DOM;Exports of goods and services (% of GDP);NE.EXP.GNFS.ZS;23,55143131;23,06928204
Algeria;DZA;Exports of goods and services (% of GDP);NE.EXP.GNFS.ZS;23,42310574;20,40794195
East Asia & Pacific (excluding high income);EAP;Exports of goods and services (% of GDP);NE.EXP.GNFS.ZS;23,31294661;22,40650449
Early-demographic dividend;EAR;Exports of goods and services (% of GDP);NE.EXP.GNFS.ZS;25,80246091;24,80201018
East Asia & Pacific;EAS;Exports of goods and services (% of GDP);NE.EXP.GNFS.ZS;29,11635626;27,92957177
Europe & Central Asia (excluding high income);ECA;Exports of goods and services (% of GDP);NE.EXP.GNFS.ZS;36,7374796;36,96419943
Europe & Central Asia;ECS;Exports of goods and services (% of GDP);NE.EXP.GNFS.ZS;45,11866032;45,04190958
Ecuador;ECU;Exports of goods and services (% of GDP);NE.EXP.GNFS.ZS;23,54387085;24,04863482
Egypt, Arab Rep.;EGY;Exports of goods and services (% of GDP);NE.EXP.GNFS.ZS;17,98465561;16,64403145
Euro area;EMU;Exports of goods and services (% of GDP);NE.EXP.GNFS.ZS;48,05423389;48,30691468
Eritrea;ERI;Exports of goods and services (% of GDP);NE.EXP.GNFS.ZS;;
Spain;ESP;Exports of goods and services (% of GDP);NE.EXP.GNFS.ZS;35,14506267;34,90690181
Estonia;EST;Exports of goods and services (% of GDP);NE.EXP.GNFS.ZS;74,32389785;73,35955444
Ethiopia;ETH;Exports of goods and services (% of GDP);NE.EXP.GNFS.ZS;8,372675866;7,939976609
European Union;EUU;Exports of goods and services (% of GDP);NE.EXP.GNFS.ZS;49,11763516;49,40165014
Fragile and conflict affected situations;FCS;Exports of goods and services (% of GDP);NE.EXP.GNFS.ZS;;
Finland;FIN;Exports of goods and services (% of GDP);NE.EXP.GNFS.ZS;38,46878721;39,8806794
Fiji;FJI;Exports of goods and services (% of GDP);NE.EXP.GNFS.ZS;47,74879577;48,46090215
France;FRA;Exports of goods and services (% of GDP);NE.EXP.GNFS.ZS;31,71366721;31,59205541
Faroe Islands;FRO;Exports of goods and services (% of GDP);NE.EXP.GNFS.ZS;52,81800664;55,76971628
Micronesia, Fed. Sts.;FSM;Exports of goods and services (% of GDP);NE.EXP.GNFS.ZS;36,37357143;26,79413706
Gabon;GAB;Exports of goods and services (% of GDP);NE.EXP.GNFS.ZS;54,29907649;51,43107323
United Kingdom;GBR;Exports of goods and services (% of GDP);NE.EXP.GNFS.ZS;31,58011136;31,63478028
Georgia;GEO;Exports of goods and services (% of GDP);NE.EXP.GNFS.ZS;49,69554106;54,30430841
Ghana;GHA;Exports of goods and services (% of GDP);NE.EXP.GNFS.ZS;33,45489545;37,44959986
Gibraltar;GIB;Exports of goods and services (% of GDP);NE.EXP.GNFS.ZS;;
Guinea;GIN;Exports of goods and services (% of GDP);NE.EXP.GNFS.ZS;40,20709553;35,04204934
Gambia, The;GMB;Exports of goods and services (% of GDP);NE.EXP.GNFS.ZS;21,7264295;18,84139797
Guinea-Bissau;GNB;Exports of goods and services (% of GDP);NE.EXP.GNFS.ZS;25,47686733;27,00268559
Equatorial Guinea;GNQ;Exports of goods and services (% of GDP);NE.EXP.GNFS.ZS;59,61453472;51,13074955
Greece;GRC;Exports of goods and services (% of GDP);NE.EXP.GNFS.ZS;38,9929061;40,11076393
Grenada;GRD;Exports of goods and services (% of GDP);NE.EXP.GNFS.ZS;;
Greenland;GRL;Exports of goods and services (% of GDP);NE.EXP.GNFS.ZS;44,4545789;41,0427005
Guatemala;GTM;Exports of goods and services (% of GDP);NE.EXP.GNFS.ZS;18,16932653;17,61197615
Guam;GUM;Exports of goods and services (% of GDP);NE.EXP.GNFS.ZS;19,25301603;22,2501967
Guyana;GUY;Exports of goods and services (% of GDP);NE.EXP.GNFS.ZS;;
High income;HIC;Exports of goods and services (% of GDP);NE.EXP.GNFS.ZS;32,08020166;31,21038077
Hong Kong SAR, China;HKG;Exports of goods and services (% of GDP);NE.EXP.GNFS.ZS;188,339507;177,6513152
Honduras;HND;Exports of goods and services (% of GDP);NE.EXP.GNFS.ZS;41,45481656;40,21896374
Heavily indebted poor countries (HIPC);HPC;Exports of goods and services (% of GDP);NE.EXP.GNFS.ZS;23,69322361;23,14733926
Croatia;HRV;Exports of goods and services (% of GDP);NE.EXP.GNFS.ZS;48,95598282;50,16314507
Haiti;HTI;Exports of goods and services (% of GDP);NE.EXP.GNFS.ZS;10,78082259;10,55767343
Hungary;HUN;Exports of goods and services (% of GDP);NE.EXP.GNFS.ZS;83,75531586;81,52974061
IBRD only;IBD;Exports of goods and services (% of GDP);NE.EXP.GNFS.ZS;25,31336786;24,43076715
IDA & IBRD total;IBT;Exports of goods and services (% of GDP);NE.EXP.GNFS.ZS;24,85033845;24,00045134
IDA total;IDA;Exports of goods and services (% of GDP);NE.EXP.GNFS.ZS;19,68566756;19,51750707
IDA blend;IDB;Exports of goods and services (% of GDP);NE.EXP.GNFS.ZS;;
Indonesia;IDN;Exports of goods and services (% of GDP);NE.EXP.GNFS.ZS;21,0027465;18,5915278
IDA only;IDX;Exports of goods and services (% of GDP);NE.EXP.GNFS.ZS;21,3519627;21,15810743
Isle of Man;IMN;Exports of goods and services (% of GDP);NE.EXP.GNFS.ZS;;
India;IND;Exports of goods and services (% of GDP);NE.EXP.GNFS.ZS;19,9278286;18,6642649
Not classified;INX;Exports of goods and services (% of GDP);NE.EXP.GNFS.ZS;;
Ireland;IRL;Exports of goods and services (% of GDP);NE.EXP.GNFS.ZS;122,4809464;128,0042429
Iran, Islamic Rep.;IRN;Exports of goods and services (% of GDP);NE.EXP.GNFS.ZS;31,1163801;23,48386727
Iraq;IRQ;Exports of goods and services (% of GDP);NE.EXP.GNFS.ZS;40,80264203;38,0518682
Iceland;ISL;Exports of goods and services (% of GDP);NE.EXP.GNFS.ZS;46,04676239;43,71324844
Israel;ISR;Exports of goods and services (% of GDP);NE.EXP.GNFS.ZS;29,87291646;29,04935295
Italy;ITA;Exports of goods and services (% of GDP);NE.EXP.GNFS.ZS;31,3535542;31,60241973
Jamaica;JAM;Exports of goods and services (% of GDP);NE.EXP.GNFS.ZS;38,56384829;38,03608075
Jordan;JOR;Exports of goods and services (% of GDP);NE.EXP.GNFS.ZS;35,12775864;36,67120296
Japan;JPN;Exports of goods and services (% of GDP);NE.EXP.GNFS.ZS;18,3149456;17,46352643
Kazakhstan;KAZ;Exports of goods and services (% of GDP);NE.EXP.GNFS.ZS;37,62521843;36,4389871
Kenya;KEN;Exports of goods and services (% of GDP);NE.EXP.GNFS.ZS;12,54197533;11,42799666
Kyrgyz Republic;KGZ;Exports of goods and services (% of GDP);NE.EXP.GNFS.ZS;31,60173001;33,47646966
Cambodia;KHM;Exports of goods and services (% of GDP);NE.EXP.GNFS.ZS;61,59572751;61,09129653
Kiribati;KIR;Exports of goods and services (% of GDP);NE.EXP.GNFS.ZS;8,178284345;14,9861484
St. Kitts and Nevis;KNA;Exports of goods and services (% of GDP);NE.EXP.GNFS.ZS;;
Korea, Rep.;KOR;Exports of goods and services (% of GDP);NE.EXP.GNFS.ZS;41,71329084;39,27586107
Kuwait;KWT;Exports of goods and services (% of GDP);NE.EXP.GNFS.ZS;57,49549486;52,33109179
Latin America & Caribbean (excluding high income);LAC;Exports of goods and services (% of GDP);NE.EXP.GNFS.ZS;22,80250084;23,05111527
Lao PDR;LAO;Exports of goods and services (% of GDP);NE.EXP.GNFS.ZS;;
Lebanon;LBN;Exports of goods and services (% of GDP);NE.EXP.GNFS.ZS;20,75452116;20,69775896
Liberia;LBR;Exports of goods and services (% of GDP);NE.EXP.GNFS.ZS;;
Libya;LBY;Exports of goods and services (% of GDP);NE.EXP.GNFS.ZS;39,61350442;41,26120307
St. Lucia;LCA;Exports of goods and services (% of GDP);NE.EXP.GNFS.ZS;;
Latin America & Caribbean;LCN;Exports of goods and services (% of GDP);NE.EXP.GNFS.ZS;24,10565625;24,34062032
Least developed countries: UN classification;LDC;Exports of goods and services (% of GDP);NE.EXP.GNFS.ZS;21,07413665;20,39006942
Low income;LIC;Exports of goods and services (% of GDP);NE.EXP.GNFS.ZS;19,69731583;18,29458184
Liechtenstein;LIE;Exports of goods and services (% of GDP);NE.EXP.GNFS.ZS;;
Sri Lanka;LKA;Exports of goods and services (% of GDP);NE.EXP.GNFS.ZS;21,44624861;21,82353289
Lower middle income;LMC;Exports of goods and services (% of GDP);NE.EXP.GNFS.ZS;24,76081316;24,09914402
Low & middle income;LMY;Exports of goods and services (% of GDP);NE.EXP.GNFS.ZS;23,60953779;22,81811728
Lesotho;LSO;Exports of goods and services (% of GDP);NE.EXP.GNFS.ZS;49,83311142;46,20932818
Late-demographic dividend;LTE;Exports of goods and services (% of GDP);NE.EXP.GNFS.ZS;28,81014423;28,12074343
Lithuania;LTU;Exports of goods and services (% of GDP);NE.EXP.GNFS.ZS;75,20540489;77,2441153
Luxembourg;LUX;Exports of goods and services (% of GDP);NE.EXP.GNFS.ZS;197,5013375;206,4116498
Latvia;LVA;Exports of goods and services (% of GDP);NE.EXP.GNFS.ZS;61,45894175;60,02102714
Macao SAR, China;MAC;Exports of goods and services (% of GDP);NE.EXP.GNFS.ZS;82,66996164;82,70639313
St. Martin (French part);MAF;Exports of goods and services (% of GDP);NE.EXP.GNFS.ZS;;
Morocco;MAR;Exports of goods and services (% of GDP);NE.EXP.GNFS.ZS;33,82843737;34,09305747
Monaco;MCO;Exports of goods and services (% of GDP);NE.EXP.GNFS.ZS;;
Moldova;MDA;Exports of goods and services (% of GDP);NE.EXP.GNFS.ZS;30,69636994;31,19108496
Madagascar;MDG;Exports of goods and services (% of GDP);NE.EXP.GNFS.ZS;31,53602365;28,42440124
Maldives;MDV;Exports of goods and services (% of GDP);NE.EXP.GNFS.ZS;;
Middle East & North Africa;MEA;Exports of goods and services (% of GDP);NE.EXP.GNFS.ZS;43,05422874;40,88678521
Mexico;MEX;Exports of goods and services (% of GDP);NE.EXP.GNFS.ZS;39,04393044;38,4970333
Marshall Islands;MHL;Exports of goods and services (% of GDP);NE.EXP.GNFS.ZS;39,82891982;37,20632662
Middle income;MIC;Exports of goods and services (% of GDP);NE.EXP.GNFS.ZS;23,6770203;22,89594611
North Macedonia;MKD;Exports of goods and services (% of GDP);NE.EXP.GNFS.ZS;60,37513732;62,40805679
Mali;MLI;Exports of goods and services (% of GDP);NE.EXP.GNFS.ZS;24,5223744;25,70529113
Malta;MLT;Exports of goods and services (% of GDP);NE.EXP.GNFS.ZS;160,7029004;163,8180825
Myanmar;MMR;Exports of goods and services (% of GDP);NE.EXP.GNFS.ZS;;
Middle East & North Africa (excluding high income);MNA;Exports of goods and services (% of GDP);NE.EXP.GNFS.ZS;29,54082583;26,56024064
Montenegro;MNE;Exports of goods and services (% of GDP);NE.EXP.GNFS.ZS;42,87500027;43,84663878
Mongolia;MNG;Exports of goods and services (% of GDP);NE.EXP.GNFS.ZS;58,16478228;59,21723318
Northern Mariana Islands;MNP;Exports of goods and services (% of GDP);NE.EXP.GNFS.ZS;50,73020753;42,33700254
Mozambique;MOZ;Exports of goods and services (% of GDP);NE.EXP.GNFS.ZS;45,53103584;37,14205636
Mauritania;MRT;Exports of goods and services (% of GDP);NE.EXP.GNFS.ZS;36,5862504;42,39752404
Mauritius;MUS;Exports of goods and services (% of GDP);NE.EXP.GNFS.ZS;46,09626695;44,66714053
Malawi;MWI;Exports of goods and services (% of GDP);NE.EXP.GNFS.ZS;;
Malaysia;MYS;Exports of goods and services (% of GDP);NE.EXP.GNFS.ZS;68,55497142;65,27776684
North America;NAC;Exports of goods and services (% of GDP);NE.EXP.GNFS.ZS;13,84393518;13,34806073
Namibia;NAM;Exports of goods and services (% of GDP);NE.EXP.GNFS.ZS;35,88256521;36,40088244
New Caledonia;NCL;Exports of goods and services (% of GDP);NE.EXP.GNFS.ZS;;
Niger;NER;Exports of goods and services (% of GDP);NE.EXP.GNFS.ZS;11,29573716;10,75937692
Nigeria;NGA;Exports of goods and services (% of GDP);NE.EXP.GNFS.ZS;;
Nicaragua;NIC;Exports of goods and services (% of GDP);NE.EXP.GNFS.ZS;42,27739009;44,80450009
Netherlands;NLD;Exports of goods and services (% of GDP);NE.EXP.GNFS.ZS;84,68346368;82,5377127
Norway;NOR;Exports of goods and services (% of GDP);NE.EXP.GNFS.ZS;38,22102729;36,64092532
Nepal;NPL;Exports of goods and services (% of GDP);NE.EXP.GNFS.ZS;7,815641022;7,779936474
Nauru;NRU;Exports of goods and services (% of GDP);NE.EXP.GNFS.ZS;54,43786982;60,57142857
New Zealand;NZL;Exports of goods and services (% of GDP);NE.EXP.GNFS.ZS;27,88390877;27,35030566
OECD members;OED;Exports of goods and services (% of GDP);NE.EXP.GNFS.ZS;28,62638521;28,00625716
Oman;OMN;Exports of goods and services (% of GDP);NE.EXP.GNFS.ZS;50,62130514;49,49201699
Other small states;OSS;Exports of goods and services (% of GDP);NE.EXP.GNFS.ZS;71,343246;71,92391623
Pakistan;PAK;Exports of goods and services (% of GDP);NE.EXP.GNFS.ZS;8,581799708;9,390863379
Panama;PAN;Exports of goods and services (% of GDP);NE.EXP.GNFS.ZS;42,36679586;40,30866975
Peru;PER;Exports of goods and services (% of GDP);NE.EXP.GNFS.ZS;25,19218467;24,03908743
Philippines;PHL;Exports of goods and services (% of GDP);NE.EXP.GNFS.ZS;30,21360537;28,38292001
Palau;PLW;Exports of goods and services (% of GDP);NE.EXP.GNFS.ZS;42,02661616;37,91828132
Papua New Guinea;PNG;Exports of goods and services (% of GDP);NE.EXP.GNFS.ZS;;
Poland;POL;Exports of goods and services (% of GDP);NE.EXP.GNFS.ZS;52,74802893;53,19533562
Pre-demographic dividend;PRE;Exports of goods and services (% of GDP);NE.EXP.GNFS.ZS;25,47908998;23,25058646
Puerto Rico;PRI;Exports of goods and services (% of GDP);NE.EXP.GNFS.ZS;59,95388186;60,57888409
Korea, Dem. People's Rep.;PRK;Exports of goods and services (% of GDP);NE.EXP.GNFS.ZS;;
Portugal;PRT;Exports of goods and services (% of GDP);NE.EXP.GNFS.ZS;43,44571903;43,50842185
Paraguay;PRY;Exports of goods and services (% of GDP);NE.EXP.GNFS.ZS;36,85322354;36,08729094
West Bank and Gaza;PSE;Exports of goods and services (% of GDP);NE.EXP.GNFS.ZS;15,96156445;15,52105524
Pacific island small states;PSS;Exports of goods and services (% of GDP);NE.EXP.GNFS.ZS;42,19768998;42,32311713
Post-demographic dividend;PST;Exports of goods and services (% of GDP);NE.EXP.GNFS.ZS;29,70195571;28,85803068
French Polynesia;PYF;Exports of goods and services (% of GDP);NE.EXP.GNFS.ZS;20,97916875;20,59235903
Qatar;QAT;Exports of goods and services (% of GDP);NE.EXP.GNFS.ZS;55,94186317;52,18885993
Romania;ROU;Exports of goods and services (% of GDP);NE.EXP.GNFS.ZS;41,54174729;40,20019466
Russian Federation;RUS;Exports of goods and services (% of GDP);NE.EXP.GNFS.ZS;30,7932568;28,43343068
Rwanda;RWA;Exports of goods and services (% of GDP);NE.EXP.GNFS.ZS;21,10801655;21,82544935
South Asia;SAS;Exports of goods and services (% of GDP);NE.EXP.GNFS.ZS;17,97006208;17,21730672
Saudi Arabia;SAU;Exports of goods and services (% of GDP);NE.EXP.GNFS.ZS;37,19850984;34,08919621
Sudan;SDN;Exports of goods and services (% of GDP);NE.EXP.GNFS.ZS;7,650201985;8,452983418
Senegal;SEN;Exports of goods and services (% of GDP);NE.EXP.GNFS.ZS;22,94909148;24,9831342
Singapore;SGP;Exports of goods and services (% of GDP);NE.EXP.GNFS.ZS;178,2305047;176,3000887
Solomon Islands;SLB;Exports of goods and services (% of GDP);NE.EXP.GNFS.ZS;42,12623861;36,49690192
Sierra Leone;SLE;Exports of goods and services (% of GDP);NE.EXP.GNFS.ZS;17,4673004;18,24693558
El Salvador;SLV;Exports of goods and services (% of GDP);NE.EXP.GNFS.ZS;28,93437378;29,95590961
San Marino;SMR;Exports of goods and services (% of GDP);NE.EXP.GNFS.ZS;166,5974977;163,9972392
Somalia;SOM;Exports of goods and services (% of GDP);NE.EXP.GNFS.ZS;13,51741123;12,00581979
Serbia;SRB;Exports of goods and services (% of GDP);NE.EXP.GNFS.ZS;50,4345613;51,01092315
Sub-Saharan Africa (excluding high income);SSA;Exports of goods and services (% of GDP);NE.EXP.GNFS.ZS;24,47951117;22,91217292
South Sudan;SSD;Exports of goods and services (% of GDP);NE.EXP.GNFS.ZS;;
Sub-Saharan Africa;SSF;Exports of goods and services (% of GDP);NE.EXP.GNFS.ZS;24,55360334;22,98407075
Small states;SST;Exports of goods and services (% of GDP);NE.EXP.GNFS.ZS;66,36275898;66,7400605
Sao Tome and Principe;STP;Exports of goods and services (% of GDP);NE.EXP.GNFS.ZS;;
Suriname;SUR;Exports of goods and services (% of GDP);NE.EXP.GNFS.ZS;;
Slovak Republic;SVK;Exports of goods and services (% of GDP);NE.EXP.GNFS.ZS;95,83585114;91,90868525
Slovenia;SVN;Exports of goods and services (% of GDP);NE.EXP.GNFS.ZS;84,7926764;83,61469331
Sweden;SWE;Exports of goods and services (% of GDP);NE.EXP.GNFS.ZS;45,68306151;47,80921095
Eswatini;SWZ;Exports of goods and services (% of GDP);NE.EXP.GNFS.ZS;40,43183558;45,64789645
Sint Maarten (Dutch part);SXM;Exports of goods and services (% of GDP);NE.EXP.GNFS.ZS;;
Seychelles;SYC;Exports of goods and services (% of GDP);NE.EXP.GNFS.ZS;87,04440441;82,35626862
Syrian Arab Republic;SYR;Exports of goods and services (% of GDP);NE.EXP.GNFS.ZS;14,91702771;13,01006646
Turks and Caicos Islands;TCA;Exports of goods and services (% of GDP);NE.EXP.GNFS.ZS;;
Chad;TCD;Exports of goods and services (% of GDP);NE.EXP.GNFS.ZS;36,19068245;36,74225344
East Asia & Pacific (IDA & IBRD countries);TEA;Exports of goods and services (% of GDP);NE.EXP.GNFS.ZS;23,31156777;22,40516334
Europe & Central Asia (IDA & IBRD countries);TEC;Exports of goods and services (% of GDP);NE.EXP.GNFS.ZS;37,5768973;36,65612627
Togo;TGO;Exports of goods and services (% of GDP);NE.EXP.GNFS.ZS;24,22395246;23,81245271
Thailand;THA;Exports of goods and services (% of GDP);NE.EXP.GNFS.ZS;64,8380969;59,51889062
Tajikistan;TJK;Exports of goods and services (% of GDP);NE.EXP.GNFS.ZS;14,37547847;14,97993927
Turkmenistan;TKM;Exports of goods and services (% of GDP);NE.EXP.GNFS.ZS;29,89998528;24,73360073
Latin America & the Caribbean (IDA & IBRD countries);TLA;Exports of goods and services (% of GDP);NE.EXP.GNFS.ZS;23,59452809;23,83676306
Timor-Leste;TLS;Exports of goods and services (% of GDP);NE.EXP.GNFS.ZS;2,912498183;21,27205069
Middle East & North Africa (IDA & IBRD countries);TMN;Exports of goods and services (% of GDP);NE.EXP.GNFS.ZS;29,69811536;26,69381398
Tonga;TON;Exports of goods and services (% of GDP);NE.EXP.GNFS.ZS;21,41202884;21,97183292
South Asia (IDA & IBRD);TSA;Exports of goods and services (% of GDP);NE.EXP.GNFS.ZS;17,97006208;17,21730672
Sub-Saharan Africa (IDA & IBRD countries);TSS;Exports of goods and services (% of GDP);NE.EXP.GNFS.ZS;24,55360334;22,98407075
Trinidad and Tobago;TTO;Exports of goods and services (% of GDP);NE.EXP.GNFS.ZS;;
Tunisia;TUN;Exports of goods and services (% of GDP);NE.EXP.GNFS.ZS;45,48566766;45,95044279
Turkiye;TUR;Exports of goods and services (% of GDP);NE.EXP.GNFS.ZS;31,23269256;33,07421471
Tuvalu;TUV;Exports of goods and services (% of GDP);NE.EXP.GNFS.ZS;;
Tanzania;TZA;Exports of goods and services (% of GDP);NE.EXP.GNFS.ZS;14,73914339;16,03674615
Uganda;UGA;Exports of goods and services (% of GDP);NE.EXP.GNFS.ZS;15,08705306;17,10905802
Ukraine;UKR;Exports of goods and services (% of GDP);NE.EXP.GNFS.ZS;45,23523566;41,23169126
Upper middle income;UMC;Exports of goods and services (% of GDP);NE.EXP.GNFS.ZS;23,51463336;22,70723049
Uruguay;URY;Exports of goods and services (% of GDP);NE.EXP.GNFS.ZS;26,42165998;27,71833386
United States;USA;Exports of goods and services (% of GDP);NE.EXP.GNFS.ZS;12,28711076;11,79500678
Uzbekistan;UZB;Exports of goods and services (% of GDP);NE.EXP.GNFS.ZS;26,84105393;28,29800251
St. Vincent and the Grenadines;VCT;Exports of goods and services (% of GDP);NE.EXP.GNFS.ZS;;
Venezuela, RB;VEN;Exports of goods and services (% of GDP);NE.EXP.GNFS.ZS;;
British Virgin Islands;VGB;Exports of goods and services (% of GDP);NE.EXP.GNFS.ZS;;
Virgin Islands (U.S.);VIR;Exports of goods and services (% of GDP);NE.EXP.GNFS.ZS;53,12261025;54,96238777
Viet Nam;VNM;Exports of goods and services (% of GDP);NE.EXP.GNFS.ZS;84,42345602;85,1575871
Vanuatu;VUT;Exports of goods and services (% of GDP);NE.EXP.GNFS.ZS;41,59687215;50,34527687
World;WLD;Exports of goods and services (% of GDP);NE.EXP.GNFS.ZS;29,14407276;28,27357186
Samoa;WSM;Exports of goods and services (% of GDP);NE.EXP.GNFS.ZS;31,9656782;35,03333014
Kosovo;XKX;Exports of goods and services (% of GDP);NE.EXP.GNFS.ZS;29,05346472;29,31260746
Yemen, Rep.;YEM;Exports of goods and services (% of GDP);NE.EXP.GNFS.ZS;8,755596914;
South Africa;ZAF;Exports of goods and services (% of GDP);NE.EXP.GNFS.ZS;27,49703715;27,20212941
Zambia;ZMB;Exports of goods and services (% of GDP);NE.EXP.GNFS.ZS;37,95740455;34,6361926
Zimbabwe;ZWE;Exports of goods and services (% of GDP);NE.EXP.GNFS.ZS;26,16397313;27,55415641
